{"cameraMode":{"drawMode":0,"name":"Shaded","section":"Shading Mode"},"sceneLighting":true,"audioPlay":false,"sceneViewState":{"m_AlwaysRefresh":false,"showFog":true,"showSkybox":true,"showFlares":true,"showImageEffects":true,"showParticleSystems":true,"showVisualEffectGraphs":true,"m_FxEnabled":true},"in2DMode":false,"pivot":{"x":0.38951772451400759,"y":2.6401572227478029,"z":7.347604751586914},"rotation":{"x":0.2365916520357132,"y":-0.16375792026519776,"z":0.04049093648791313,"w":0.9568533897399902},"size":0.6460370421409607,"orthographic":false}