{"cameraMode":{"drawMode":0,"name":"Shaded","section":"Shading Mode"},"sceneLighting":true,"audioPlay":false,"sceneViewState":{"m_AlwaysRefresh":false,"showFog":true,"showSkybox":true,"showFlares":true,"showImageEffects":true,"showParticleSystems":true,"showVisualEffectGraphs":true,"m_FxEnabled":true},"in2DMode":false,"pivot":{"x":7.037134647369385,"y":1.3903502225875855,"z":-0.05814361572265625},"rotation":{"x":-2.8193727907854795e-10,"y":0.9859213829040527,"z":-0.1672109067440033,"w":-1.3989965852445608e-9},"size":0.9913090467453003,"orthographic":false}