{"cameraMode":{"drawMode":0,"name":"Shaded","section":"Shading Mode"},"sceneLighting":true,"audioPlay":false,"sceneViewState":{"m_AlwaysRefresh":false,"showFog":true,"showSkybox":true,"showFlares":true,"showImageEffects":true,"showParticleSystems":true,"showVisualEffectGraphs":true,"m_FxEnabled":true},"in2DMode":false,"pivot":{"x":5.672175407409668,"y":1.7188720703125,"z":-0.36218738555908205},"rotation":{"x":0.0015978571027517319,"y":0.9348267912864685,"z":-0.3550769090652466,"w":0.004206755198538303},"size":1.4686765670776368,"orthographic":false}