{"cameraMode":{"drawMode":0,"name":"Shaded","section":"Shading Mode"},"sceneLighting":true,"audioPlay":false,"sceneViewState":{"m_AlwaysRefresh":false,"showFog":true,"showSkybox":true,"showFlares":true,"showImageEffects":true,"showParticleSystems":true,"showVisualEffectGraphs":true,"m_FxEnabled":true},"in2DMode":false,"pivot":{"x":6.063048362731934,"y":3.8553943634033205,"z":-1.3750805854797364},"rotation":{"x":0.3140830397605896,"y":-0.00712038017809391,"z":0.002355672651901841,"w":0.9493653774261475},"size":3.5040087699890138,"orthographic":false}